{"cameraMode":{"drawMode":0,"name":"Shaded","section":"Shading Mode"},"sceneLighting":true,"audioPlay":false,"sceneViewState":{"m_AlwaysRefresh":false,"showFog":true,"showSkybox":true,"showFlares":true,"showImageEffects":true,"showParticleSystems":true,"showVisualEffectGraphs":true,"m_FxEnabled":true},"in2DMode":false,"pivot":{"x":0.03931329771876335,"y":1.1672468185424805,"z":0.050224073231220248},"rotation":{"x":-0.04871136695146561,"y":0.945204496383667,"z":-0.16644753515720368,"w":-0.27661311626434328},"size":0.15538275241851808,"orthographic":false}